{
  "model_class": "MeanParameterBaseline",
  "checkpoint": {
    "path": "checkpoints/mean_parameter_baseline.json",
    "sha256": "242ae09df072808756878f573b98a5ace1e82c66381c001f8f666fb30b5a8e09",
    "note": null
  },
  "corpus": {
    "path": "dataset/run_A_test",
    "name": "run_A_test",
    "git_revision": "641ac5384425087666976fcbd9331e5a15e64c7b"
  },
  "render_contract": {
    "render_settings": {
      "midi_note": 60,
      "velocity": 100,
      "duration_sec": 4.0,
      "note_duration_sec": 3.0
    },
    "renderer": "dawdreamer",
    "sample_rate": 22050
  },
  "metrics": [
    "param_mae",
    "param_mse",
    "param_accuracy",
    "lsd",
    "spectral_convergence",
    "mel_mae",
    "mel_mse",
    "mss",
    "mfcc_mae",
    "mfcc_mse",
    "loudness_envelope_l1",
    "integrated_loudness_error",
    "f0_rmse"
  ],
  "per_metric": {
    "param_mae": {
      "mean": 0.18908028412308517,
      "std": 0.03749507330903104,
      "valid_count": 210,
      "higher_is_better": false
    },
    "param_mse": {
      "mean": 0.07161002981116565,
      "std": 0.02889697550011901,
      "valid_count": 210,
      "higher_is_better": false
    },
    "param_accuracy": {
      "mean": 0.5604166666666667,
      "std": 0.1466875492438762,
      "valid_count": 210,
      "higher_is_better": true
    },
    "lsd": {
      "mean": 1.1933559864759444,
      "std": 0.5734177924010206,
      "valid_count": 210,
      "higher_is_better": false
    },
    "spectral_convergence": {
      "mean": 1.0182229269118537,
      "std": 0.12834671031161968,
      "valid_count": 210,
      "higher_is_better": false
    },
    "mel_mae": {
      "mean": 32.532067248934794,
      "std": 12.415967260113462,
      "valid_count": 210,
      "higher_is_better": false
    },
    "mel_mse": {
      "mean": 1638.2148651849657,
      "std": 945.1436612564399,
      "valid_count": 210,
      "higher_is_better": false
    },
    "mss": {
      "mean": 22.62286462752991,
      "std": 8.794803876024432,
      "valid_count": 210,
      "higher_is_better": false
    },
    "mfcc_mae": {
      "mean": 42.29987934203375,
      "std": 12.001700337827439,
      "valid_count": 210,
      "higher_is_better": false
    },
    "mfcc_mse": {
      "mean": 9011.255017380487,
      "std": 6093.911114172627,
      "valid_count": 210,
      "higher_is_better": false
    },
    "loudness_envelope_l1": {
      "mean": 35.01407601332156,
      "std": 8.332985710522092,
      "valid_count": 210,
      "higher_is_better": false
    },
    "integrated_loudness_error": {
      "mean": 15.550719720720931,
      "std": 4.541207552601464,
      "valid_count": 210,
      "higher_is_better": false
    },
    "f0_rmse": {
      "mean": 132.56104226385918,
      "std": 157.58497288690162,
      "valid_count": 209,
      "higher_is_better": false
    }
  },
  "num_samples": 210,
  "git_revision": "9c4d4021a96717d2ffece2fd16ad16158cb11b3e",
  "timestamp": "2026-06-30T08:40:34.379632+00:00"
}